{
    "intercept": -10066991.282007659,
    "month": 882.5868708821,
    "storey_range": 13707.8470922222,
    "town": {
        "ANG MO KIO": 17894.7359886372,
        "BEDOK": 10062.0096684727,
        "BISHAN": 117975.2189414936,
        "BUKIT BATOK": -61467.3468196526,
        "BUKIT MERAH": 134046.8237870002,
        "BUKIT PANJANG": -109178.8198992134,
        "BUKIT TIMAH": 222069.3930617423,
        "CENTRAL AREA": 133920.5660672206,
        "CHOA CHU KANG": -147729.1883118358,
        "CLEMENTI": 55399.8917409931,
        "GEYLANG": 67830.5782406398,
        "HOUGANG": -58460.3669950738,
        "JURONG EAST": -50052.667020286,
        "JURONG WEST": -108685.7354757206,
        "KALLANG/WHAMPOA": 81164.3492998257,
        "MARINE PARADE": 176063.5948463008,
        "PASIR RIS": -78742.6680772442,
        "PUNGGOL": -101942.4622584688,
        "QUEENSTOWN": 144071.7377318447,
        "SEMBAWANG": -162475.986239802,
        "SENGKANG": -119687.4267438396,
        "SERANGOON": 22590.9718990241,
        "TAMPINES": -22850.3534349737,
        "TOA PAYOH": 73490.5625454823,
        "WOODLANDS": -142136.9586048374,
        "YISHUN": -93170.4390736571
    },
    "flat_model": {
        "2-room": -96390.7765238749,
        "Adjoined flat": -27423.6417367632,
        "Apartment": -51769.4319114553,
        "DBSS": 49883.7129621883,
        "Improved": -80626.6260591581,
        "Improved-Maisonette": 99584.4035512561,
        "Maisonette": -17190.3163262475,
        "Model A": -86168.7451743288,
        "Model A-Maisonette": 27102.1455754052,
        "Model A2": -73870.2071757477,
        "Multi Generation": 35088.9001651558,
        "New Generation": -60650.4378166586,
        "Premium Apartment": -68976.1713295727,
        "Premium Apartment Loft": 24029.2469053343,
        "Premium Maisonette": -57020.5302576219,
        "Simplified": -53931.5113832038,
        "Standard": -70528.2001697055,
        "Terrace": 248540.1765253065,
        "Type S1": 100964.2101409632,
        "Type S2": 159353.7832586859
    },
    "floor_area_sqm": 4370.6927349113,
    "lease_commence_date": 5089.0599845337
}