{
    "intercept": -8481894.82674334,
    "month": 883.6169945728,
    "storey_range": 14430.0515127963,
    "town": {
        "ANG MO KIO": 15242.7125498646,
        "BEDOK": 13200.2462752057,
        "BISHAN": 111467.3716791703,
        "BUKIT BATOK": -45029.0739980241,
        "BUKIT MERAH": 116304.2233259986,
        "BUKIT PANJANG": -90811.5533987748,
        "BUKIT TIMAH": 71060.0,
        "CENTRAL AREA": 105522.4998618348,
        "CHOA CHU KANG": -113394.7108283485,
        "CLEMENTI": 47976.4724370124,
        "GEYLANG": 57285.4820352844,
        "HOUGANG": -39835.5736625095,
        "JURONG EAST": -25294.9101522065,
        "JURONG WEST": -86550.4126401251,
        "KALLANG/WHAMPOA": 75671.0946591326,
        "MARINE PARADE": 103959.5822934408,
        "PASIR RIS": -49387.3588507059,
        "PUNGGOL": -71854.5379808986,
        "QUEENSTOWN": 132200.3094433413,
        "SEMBAWANG": -127077.6790104779,
        "SENGKANG": -96294.8627908273,
        "SERANGOON": 21447.0983172603,
        "TAMPINES": -460.1655573872,
        "TOA PAYOH": 63979.9902220347,
        "WOODLANDS": -117484.0295327593,
        "YISHUN": -71842.2146965358
    },
    "flat_model": {
        "2-room": -2860.0,
        "Adjoined flat": 11635.9908209495,
        "Apartment": 2217.6519239504,
        "DBSS": 87926.8447823854,
        "Improved": -45713.2891644608,
        "Improved-Maisonette": 3960.0,
        "Maisonette": 39159.8017018929,
        "Model A": -57158.8215602957,
        "Model A-Maisonette": 21780.0,
        "Model A2": -47401.7612881888,
        "Multi Generation": 12760.0,
        "New Generation": -32297.50729891,
        "Premium Apartment": -39508.6079439357,
        "Premium Apartment Loft": 15205.7951646011,
        "Premium Maisonette": 220.0,
        "Simplified": -27588.524380201,
        "Standard": -32537.5727577874,
        "Terrace": 15400.0,
        "Type S1": 47300.0,
        "Type S2": 27500.0
    },
    "floor_area_sqm": 4306.1376772132,
    "lease_commence_date": 4269.1459851861
}